Price,Adj Close,Close,High,Low,Open,Volume
Ticker,AAPL,AAPL,AAPL,AAPL,AAPL,AAPL
Date,,,,,,
2022-02-01,171.18814086914062,174.61000061035156,174.83999633789062,172.30999755859375,174.00999450683594,86213900
2022-02-02,172.39402770996094,175.83999633789062,175.8800048828125,173.3300018310547,174.75,84914300
2022-02-03,169.51168823242188,172.89999389648438,176.24000549316406,172.1199951171875,174.47999572753906,89418100
2022-02-04,169.22698974609375,172.38999938964844,174.10000610351562,170.67999267578125,171.67999267578125,82465400
2022-02-07,168.51040649414062,171.66000366210938,173.9499969482422,170.9499969482422,172.86000061035156,77251200
2022-02-08,171.62222290039062,174.8300018310547,175.35000610351562,171.42999267578125,171.72999572753906,74829200
2022-02-09,173.0456085205078,176.27999877929688,176.64999389648438,174.89999389648438,176.0500030517578,71285000
2022-02-10,168.96192932128906,172.1199951171875,175.47999572753906,171.5500030517578,174.13999938964844,90865900
2022-02-11,165.54579162597656,168.63999938964844,173.0800018310547,168.0399932861328,172.3300018310547,98670700
2022-02-14,165.78138732910156,168.8800048828125,169.5800018310547,166.55999755859375,167.3699951171875,86185500
2022-02-15,169.61961364746094,172.7899932861328,172.9499969482422,170.25,170.97000122070312,62527400
2022-02-16,169.38404846191406,172.5500030517578,173.33999633789062,170.0500030517578,171.85000610351562,61177400
2022-02-17,165.78138732910156,168.8800048828125,171.91000366210938,168.47000122070312,171.02999877929688,69589300
2022-02-18,164.23040771484375,167.3000030517578,170.5399932861328,166.19000244140625,169.82000732421875,82772700
2022-02-22,161.30506896972656,164.32000732421875,166.69000244140625,162.14999389648438,164.97999572753906,91162800
2022-02-23,157.13302612304688,160.07000732421875,166.14999389648438,159.75,165.5399932861328,90009200
2022-02-24,159.7540740966797,162.74000549316406,162.85000610351562,152.0,152.5800018310547,141147500
2022-02-25,161.82530212402344,164.85000610351562,165.1199951171875,160.8699951171875,163.83999633789062,91974200
2022-02-28,162.09039306640625,165.1199951171875,165.4199981689453,162.42999267578125,163.05999755859375,95056600
2022-03-01,160.20558166503906,163.1999969482422,166.60000610351562,161.97000122070312,164.6999969482422,83474400
2022-03-02,163.5039825439453,166.55999755859375,167.36000061035156,162.9499969482422,164.38999938964844,79724800
2022-03-03,163.17999267578125,166.22999572753906,168.91000366210938,165.5500030517578,168.47000122070312,76678400
2022-03-04,160.1761474609375,163.1699981689453,165.5500030517578,162.10000610351562,164.49000549316406,83737200
2022-03-07,156.37716674804688,159.3000030517578,165.02000427246094,159.0399932861328,163.36000061035156,96418800
2022-03-08,154.5513153076172,157.44000244140625,162.8800048828125,155.8000030517578,158.82000732421875,131148300
2022-03-09,159.96018981933594,162.9499969482422,163.41000366210938,159.41000366210938,161.47999572753906,91454900
2022-03-10,155.61148071289062,158.52000427246094,160.38999938964844,155.97999572753906,160.1999969482422,105342000
2022-03-11,151.89100646972656,154.72999572753906,159.27999877929688,154.5,158.92999267578125,96970100
2022-03-14,147.85641479492188,150.6199951171875,154.1199951171875,150.10000610351562,151.4499969482422,108732100
2022-03-15,152.24440002441406,155.08999633789062,155.57000732421875,150.3800048828125,150.89999389648438,92964300
2022-03-16,156.66183471679688,159.58999633789062,160.0,154.4600067138672,157.0500030517578,102300200
2022-03-17,157.67294311523438,160.6199951171875,161.0,157.6300048828125,158.61000061035156,75615400
2022-03-18,160.9713134765625,163.97999572753906,164.47999572753906,159.75999450683594,160.50999450683594,123511700
2022-03-21,162.34561157226562,165.3800048828125,166.35000610351562,163.00999450683594,163.50999450683594,95811400
2022-03-22,165.72251892089844,168.82000732421875,169.4199981689453,164.91000366210938,165.50999450683594,81532000
2022-03-23,167.0869903564453,170.2100067138672,172.63999938964844,167.64999389648438,167.99000549316406,98062700
2022-03-24,170.8761749267578,174.07000732421875,174.13999938964844,170.2100067138672,171.05999755859375,90131400
2022-03-25,171.51425170898438,174.72000122070312,175.27999877929688,172.75,173.8800048828125,80546200
2022-03-28,172.3780975341797,175.60000610351562,175.72999572753906,172.0,172.1699981689453,90371900
2022-03-29,175.6764373779297,178.9600067138672,179.00999450683594,176.33999633789062,176.69000244140625,100589400
2022-03-30,174.50830078125,177.77000427246094,179.61000061035156,176.6999969482422,178.5500030517578,92633200
2022-03-31,171.40626525878906,174.61000061035156,178.02999877929688,174.39999389648438,177.83999633789062,103049300
2022-04-01,171.1117706298828,174.30999755859375,174.8800048828125,171.94000244140625,174.02999877929688,78751300
2022-04-04,175.16598510742188,178.44000244140625,178.49000549316406,174.44000244140625,174.57000732421875,76468400
2022-04-05,171.84796142578125,175.05999755859375,178.3000030517578,174.4199981689453,177.5,73401800
2022-04-06,168.67724609375,171.8300018310547,173.6300048828125,170.1300048828125,172.36000061035156,89058800
2022-04-07,168.98158264160156,172.13999938964844,173.36000061035156,169.85000610351562,171.16000366210938,77594700
2022-04-08,166.9691925048828,170.08999633789062,171.77999877929688,169.1999969482422,171.77999877929688,76575500
2022-04-11,162.7088165283203,165.75,169.02999877929688,165.5,168.7100067138672,72246700
2022-04-12,164.58377075195312,167.66000366210938,169.8699951171875,166.63999938964844,168.02000427246094,79265200
2022-04-13,167.2735137939453,170.39999389648438,171.0399932861328,166.77000427246094,167.38999938964844,70618900
2022-04-14,162.25726318359375,165.2899932861328,171.27000427246094,165.0399932861328,170.6199951171875,75329400
2022-04-18,162.04129028320312,165.07000732421875,166.60000610351562,163.57000732421875,163.9199981689453,69023900
2022-04-19,164.3285369873047,167.39999389648438,167.82000732421875,163.91000366210938,165.02000427246094,67723800
2022-04-20,164.1616668701172,167.22999572753906,168.8800048828125,166.10000610351562,168.75999450683594,67929800
2022-04-21,163.36648559570312,166.4199981689453,171.52999877929688,165.91000366210938,168.91000366210938,87227800
2022-04-22,158.82147216796875,161.7899932861328,167.8699951171875,161.5,166.4600067138672,84882400
2022-04-25,159.89149475097656,162.8800048828125,163.1699981689453,158.4600067138672,161.1199951171875,96046400
2022-04-26,153.92303466796875,156.8000030517578,162.33999633789062,156.72000122070312,162.25,95623200
2022-04-27,153.69725036621094,156.57000732421875,159.7899932861328,155.3800048828125,155.91000366210938,88063200
2022-04-28,160.6375274658203,163.63999938964844,164.52000427246094,158.92999267578125,159.25,130216800
2022-04-29,154.75743103027344,157.64999389648438,166.1999969482422,157.25,161.83999633789062,131747600
2022-05-02,155.06178283691406,157.9600067138672,158.22999572753906,153.27000427246094,156.7100067138672,123055300
2022-05-03,156.5538330078125,159.47999572753906,160.7100067138672,156.32000732421875,158.14999389648438,88966500
2022-05-04,162.97384643554688,166.02000427246094,166.47999572753906,159.25999450683594,159.6699981689453,108256500
2022-05-05,153.89356994628906,156.77000427246094,164.0800018310547,154.9499969482422,163.85000610351562,130525300
2022-05-06,154.62109375,157.27999877929688,159.44000244140625,154.17999267578125,156.00999450683594,116124600
2022-05-09,149.4893341064453,152.05999755859375,155.8300018310547,151.49000549316406,154.92999267578125,131577900
2022-05-10,151.8979034423828,154.50999450683594,156.74000549316406,152.92999267578125,155.52000427246094,115366700
2022-05-11,144.02334594726562,146.5,155.4499969482422,145.80999755859375,153.5,142689800
2022-05-12,140.14993286132812,142.55999755859375,146.1999969482422,138.8000030517578,142.77000427246094,182602000
2022-05-13,144.6230010986328,147.11000061035156,148.10000610351562,143.11000061035156,144.58999633789062,113990900
2022-05-16,143.07952880859375,145.5399932861328,147.52000427246094,144.17999267578125,145.5500030517578,86643800
2022-05-17,146.71702575683594,149.24000549316406,149.77000427246094,146.67999267578125,148.86000061035156,78336300
2022-05-18,138.43934631347656,140.82000732421875,147.36000061035156,139.89999389648438,146.85000610351562,109742900
2022-05-19,135.0279998779297,137.35000610351562,141.66000366210938,136.60000610351562,139.8800048828125,136095600
2022-05-20,135.26394653320312,137.58999633789062,140.6999969482422,132.61000061035156,139.08999633789062,137426100
2022-05-23,140.69064331054688,143.11000061035156,143.25999450683594,137.64999389648438,137.7899932861328,117726300
2022-05-24,137.98712158203125,140.36000061035156,141.97000122070312,137.3300018310547,140.80999755859375,104132700
2022-05-25,138.1444091796875,140.52000427246094,141.7899932861328,138.33999633789062,138.42999267578125,92482700
2022-05-26,141.3493194580078,143.77999877929688,144.33999633789062,137.13999938964844,137.38999938964844,90601500
2022-05-27,147.11024475097656,149.63999938964844,149.67999267578125,145.25999450683594,145.38999938964844,90978500
2022-05-31,146.3237762451172,148.83999633789062,150.66000366210938,146.83999633789062,149.07000732421875,103718400
2022-06-01,146.19593811035156,148.7100067138672,151.74000549316406,147.67999267578125,149.89999389648438,74286600
2022-06-02,148.6536865234375,151.2100067138672,151.27000427246094,146.86000061035156,147.8300018310547,72348100
2022-06-03,142.92222595214844,145.3800048828125,147.97000122070312,144.4600067138672,146.89999389648438,88570300
2022-06-06,143.6693878173828,146.13999938964844,148.57000732421875,144.89999389648438,147.02999877929688,71598400
2022-06-07,146.19593811035156,148.7100067138672,149.0,144.10000610351562,144.35000610351562,67808200
2022-06-08,145.45864868164062,147.9600067138672,149.8699951171875,147.4600067138672,148.5800018310547,53950200
2022-06-09,140.22853088378906,142.63999938964844,147.9499969482422,142.52999877929688,147.0800018310547,69473000
2022-06-10,134.8117218017578,137.1300048828125,140.75999450683594,137.05999755859375,140.27999877929688,91437900
2022-06-13,129.65049743652344,131.8800048828125,135.1999969482422,131.44000244140625,132.8699951171875,122207100
2022-06-14,130.51559448242188,132.75999450683594,133.88999938964844,131.47999572753906,133.1300048828125,84784300
2022-06-15,133.14048767089844,135.42999267578125,137.33999633789062,132.16000366210938,134.2899932861328,91533000
2022-06-16,127.86124420166016,130.05999755859375,132.38999938964844,129.0399932861328,132.0800018310547,108123900
2022-06-17,129.33587646484375,131.55999755859375,133.0800018310547,129.80999755859375,130.07000732421875,134520300
2022-06-21,133.572998046875,135.8699951171875,137.05999755859375,133.32000732421875,133.4199981689453,81000500
2022-06-22,133.0618133544922,135.35000610351562,137.75999450683594,133.91000366210938,134.7899932861328,73409200
2022-06-23,135.93246459960938,138.27000427246094,138.58999633789062,135.6300048828125,136.82000732421875,72433800
2022-06-24,139.26513671875,141.66000366210938,141.91000366210938,139.77000427246094,139.89999389648438,89116800
2022-06-27,139.26513671875,141.66000366210938,143.49000549316406,140.97000122070312,142.6999969482422,70207900
2022-06-28,135.11648559570312,137.44000244140625,143.4199981689453,137.32000732421875,142.1300048828125,67083400
2022-06-29,136.876220703125,139.22999572753906,140.6699981689453,136.6699981689453,137.4600067138672,66242400
2022-06-30,134.40866088867188,136.72000122070312,138.3699951171875,133.77000427246094,137.25,98964500
2022-07-01,136.58128356933594,138.92999267578125,139.0399932861328,135.66000366210938,136.0399932861328,71051600
2022-07-05,139.1668243408203,141.55999755859375,141.61000061035156,136.92999267578125,137.77000427246094,73353800
2022-07-06,140.50381469726562,142.9199981689453,144.1199951171875,141.0800018310547,141.35000610351562,74064300
2022-07-07,143.8758544921875,146.35000610351562,146.5500030517578,143.27999877929688,143.2899932861328,66253700
2022-07-08,144.5541534423828,147.0399932861328,147.5500030517578,145.0,145.25999450683594,64547800
2022-07-11,142.42088317871094,144.8699951171875,146.63999938964844,143.77999877929688,145.6699981689453,63141600
2022-07-12,143.39413452148438,145.86000061035156,148.4499969482422,145.0500030517578,145.75999450683594,77588800
2022-07-13,143.0303955078125,145.49000549316406,146.4499969482422,142.1199951171875,142.99000549316406,71185600
2022-07-14,145.96002197265625,148.47000122070312,148.9499969482422,143.25,144.0800018310547,78140700
2022-07-15,147.6312713623047,150.1699981689453,150.86000061035156,148.1999969482422,149.77999877929688,76259900
2022-07-18,144.58367919921875,147.07000732421875,151.57000732421875,146.6999969482422,150.74000549316406,81420900
2022-07-19,148.44723510742188,151.0,151.22999572753906,146.91000366210938,147.9199981689453,82982400
2022-07-20,150.45274353027344,153.0399932861328,153.72000122070312,150.3699951171875,151.1199951171875,64823400
2022-07-21,152.7236785888672,155.35000610351562,155.57000732421875,151.94000244140625,154.5,65086600
2022-07-22,151.4849853515625,154.08999633789062,156.27999877929688,153.41000366210938,155.38999938964844,66675400
2022-07-25,150.3642578125,152.9499969482422,155.0399932861328,152.27999877929688,154.00999450683594,53623900
2022-07-26,149.03707885742188,151.60000610351562,153.08999633789062,150.8000030517578,152.25999450683594,55138700
2022-07-27,154.1393585205078,156.7899932861328,157.3300018310547,152.16000366210938,152.5800018310547,78620700
2022-07-28,154.68991088867188,157.35000610351562,157.63999938964844,154.41000366210938,156.97999572753906,81378700
2022-07-29,159.7626495361328,162.50999450683594,163.6300048828125,159.5,161.24000549316406,101786900
2022-08-01,158.779541015625,161.50999450683594,163.58999633789062,160.88999938964844,161.00999450683594,67829400
2022-08-02,157.30490112304688,160.00999450683594,162.41000366210938,159.6300048828125,160.10000610351562,59907000
2022-08-03,163.32144165039062,166.1300048828125,166.58999633789062,160.75,160.83999633789062,82507500
2022-08-04,163.00685119628906,165.80999755859375,167.19000244140625,164.42999267578125,166.00999450683594,55474100
2022-08-05,162.78042602539062,165.35000610351562,165.85000610351562,163.0,163.2100067138672,56697000
2022-08-08,162.30787658691406,164.8699951171875,167.80999755859375,164.1999969482422,166.3699951171875,60276900
2022-08-09,162.35714721679688,164.9199981689453,165.82000732421875,163.25,164.02000427246094,63135500
2022-08-10,166.6099853515625,169.24000549316406,169.33999633789062,166.89999389648438,167.67999267578125,70170500
2022-08-11,165.87164306640625,168.49000549316406,170.99000549316406,168.19000244140625,170.05999755859375,57149200
2022-08-12,169.42555236816406,172.10000610351562,172.1699981689453,169.39999389648438,169.82000732421875,68039400
2022-08-15,170.49859619140625,173.19000244140625,173.38999938964844,171.35000610351562,171.52000427246094,54091700
2022-08-16,170.34109497070312,173.02999877929688,173.7100067138672,171.66000366210938,172.77999877929688,56377100
2022-08-17,171.83746337890625,174.5500030517578,176.14999389648438,172.57000732421875,172.77000427246094,79542000
2022-08-18,171.44369506835938,174.14999389648438,174.89999389648438,173.1199951171875,173.75,62290100
2022-08-19,168.85455322265625,171.52000427246094,173.74000549316406,171.30999755859375,173.02999877929688,70346300
2022-08-22,164.9659423828125,167.57000732421875,169.86000061035156,167.13999938964844,169.69000244140625,69026800
2022-08-23,164.63124084472656,167.22999572753906,168.7100067138672,166.64999389648438,167.0800018310547,54147100
2022-08-24,164.92657470703125,167.52999877929688,168.11000061035156,166.25,167.32000732421875,53841500
2022-08-25,167.38772583007812,170.02999877929688,170.13999938964844,168.35000610351562,168.77999877929688,51218200
2022-08-26,161.0773468017578,163.6199951171875,171.0500030517578,163.55999755859375,170.57000732421875,78961000
2022-08-29,158.87213134765625,161.3800048828125,162.89999389648438,159.82000732421875,161.14999389648438,73314000
2022-08-30,156.4405059814453,158.91000366210938,162.55999755859375,157.72000122070312,162.1300048828125,77906200
2022-08-31,154.7767791748047,157.22000122070312,160.5800018310547,157.13999938964844,160.30999755859375,87991100
2022-09-01,155.50531005859375,157.9600067138672,158.4199981689453,154.6699981689453,156.63999938964844,74229900
2022-09-02,153.38868713378906,155.80999755859375,160.36000061035156,154.97000122070312,159.75,76957800
2022-09-06,152.12860107421875,154.52999877929688,157.08999633789062,153.69000244140625,156.47000122070312,73714800
2022-09-07,153.53636169433594,155.9600067138672,156.6699981689453,153.61000061035156,154.82000732421875,87449600
2022-09-08,152.05970764160156,154.4600067138672,156.36000061035156,152.67999267578125,154.63999938964844,84923800
2022-09-09,154.92445373535156,157.3699951171875,157.82000732421875,154.75,155.47000122070312,68028800
2022-09-12,160.8902587890625,163.42999267578125,164.25999450683594,159.3000030517578,159.58999633789062,104956000
2022-09-13,151.44931030273438,153.83999633789062,160.5399932861328,153.3699951171875,159.89999389648438,122656600
2022-09-14,152.89646911621094,155.30999755859375,157.10000610351562,153.61000061035156,154.7899932861328,87965400
2022-09-15,150.0021514892578,152.3699951171875,155.24000549316406,151.3800048828125,154.64999389648438,90481100
2022-09-16,148.3580780029297,150.6999969482422,151.35000610351562,148.3699951171875,151.2100067138672,162278800
2022-09-19,152.079345703125,154.47999572753906,154.55999755859375,149.10000610351562,149.30999755859375,81474200
2022-09-20,154.46173095703125,156.89999389648438,158.0800018310547,153.0800018310547,153.39999389648438,107689800
2022-09-21,151.33119201660156,153.72000122070312,158.74000549316406,153.60000610351562,157.33999633789062,101696800
2022-09-22,150.36639404296875,152.74000549316406,154.47000122070312,150.91000366210938,152.3800048828125,86652500
2022-09-23,148.09231567382812,150.42999267578125,151.47000122070312,148.55999755859375,151.19000244140625,96029900
2022-09-26,148.42703247070312,150.77000427246094,153.77000427246094,149.63999938964844,149.66000366210938,93339400
2022-09-27,149.40162658691406,151.75999450683594,154.72000122070312,149.9499969482422,152.74000549316406,84442700
2022-09-28,147.51148986816406,149.83999633789062,150.63999938964844,144.83999633789062,147.63999938964844,146691400
2022-09-29,140.26583862304688,142.47999572753906,146.72000122070312,140.67999267578125,146.10000610351562,128138200
2022-09-30,136.05235290527344,138.1999969482422,143.10000610351562,138.0,141.27999877929688,124925300
2022-10-03,140.23631286621094,142.4499969482422,143.07000732421875,137.69000244140625,138.2100067138672,114311700
2022-10-04,143.82960510253906,146.10000610351562,146.22000122070312,144.25999450683594,145.02999877929688,87830100
2022-10-05,144.1249237060547,146.39999389648438,147.3800048828125,143.00999450683594,144.07000732421875,79471000
2022-10-06,143.17002868652344,145.42999267578125,147.5399932861328,145.22000122070312,145.80999755859375,68402200
2022-10-07,137.9129638671875,140.08999633789062,143.10000610351562,139.4499969482422,142.5399932861328,85925600
2022-10-10,138.23785400390625,140.4199981689453,141.88999938964844,138.57000732421875,140.4199981689453,74899000
2022-10-11,136.8202362060547,138.97999572753906,141.35000610351562,138.22000122070312,139.89999389648438,77033700
2022-10-12,136.190185546875,138.33999633789062,140.36000061035156,138.16000366210938,139.1300048828125,70433700
2022-10-13,140.76792907714844,142.99000549316406,143.58999633789062,134.3699951171875,134.99000549316406,113224000
2022-10-14,136.2295684814453,138.3800048828125,144.52000427246094,138.19000244140625,144.30999755859375,88598000
2022-10-17,140.19696044921875,142.41000366210938,142.89999389648438,140.27000427246094,141.07000732421875,85250900
2022-10-18,141.51609802246094,143.75,146.6999969482422,140.61000061035156,145.49000549316406,99136600
2022-10-19,141.62440490722656,143.86000061035156,144.9499969482422,141.5,141.69000244140625,61758300
2022-10-20,141.1616973876953,143.38999938964844,145.88999938964844,142.64999389648438,143.02000427246094,64522000
2022-10-21,144.98143005371094,147.27000427246094,147.85000610351562,142.64999389648438,142.8699951171875,86548600
2022-10-24,147.1275177001953,149.4499969482422,150.22999572753906,146.0,147.19000244140625,75981900
2022-10-25,149.97262573242188,152.33999633789062,152.49000549316406,149.36000061035156,150.08999633789062,74732300
2022-10-26,147.02911376953125,149.35000610351562,151.99000549316406,148.0399932861328,150.9600067138672,88194300
2022-10-27,142.54978942871094,144.8000030517578,149.0500030517578,144.1300048828125,148.07000732421875,109180200
2022-10-28,153.31979370117188,155.74000549316406,157.5,147.82000732421875,148.1999969482422,164762400
2022-10-31,150.95709228515625,153.33999633789062,154.24000549316406,151.9199981689453,153.16000366210938,97943200
2022-11-01,148.3088836669922,150.64999389648438,155.4499969482422,149.1300048828125,155.0800018310547,80379300
2022-11-02,142.77621459960938,145.02999877929688,152.1699981689453,145.0,148.9499969482422,93604600
2022-11-03,136.72177124023438,138.8800048828125,142.8000030517578,138.75,142.05999755859375,97918500
2022-11-04,136.45553588867188,138.3800048828125,142.6699981689453,134.3800048828125,142.08999633789062,140814800
2022-11-07,136.98802185058594,138.9199981689453,139.14999389648438,135.6699981689453,137.11000061035156,83374600
2022-11-08,137.55995178222656,139.5,141.42999267578125,137.49000549316406,140.41000366210938,89908500
2022-11-09,132.99435424804688,134.8699951171875,138.5500030517578,134.58999633789062,138.5,74917800
2022-11-10,144.82749938964844,146.8699951171875,146.8699951171875,139.5,141.24000549316406,118854000
2022-11-11,147.61810302734375,149.6999969482422,150.00999450683594,144.3699951171875,145.82000732421875,93979700
2022-11-14,146.21786499023438,148.27999877929688,150.27999877929688,147.42999267578125,148.97000122070312,73374100
2022-11-15,147.95338439941406,150.0399932861328,153.58999633789062,148.55999755859375,152.22000122070312,89868300
2022-11-16,146.72076416015625,148.7899932861328,149.8699951171875,147.2899932861328,149.1300048828125,64218300
2022-11-17,148.62393188476562,150.72000122070312,151.47999572753906,146.14999389648438,146.42999267578125,80389400
2022-11-18,149.18600463867188,151.2899932861328,152.6999969482422,149.97000122070312,152.30999755859375,74829600
2022-11-21,145.9516143798828,148.00999450683594,150.3699951171875,147.72000122070312,150.16000366210938,58724100
2022-11-22,148.09144592285156,150.17999267578125,150.4199981689453,146.92999267578125,148.1300048828125,51804100
2022-11-23,148.9690704345703,151.07000732421875,151.8300018310547,149.33999633789062,149.4499969482422,58301400
2022-11-25,146.05018615722656,148.11000061035156,148.8800048828125,147.1199951171875,148.30999755859375,35195900
2022-11-28,142.21434020996094,144.22000122070312,146.63999938964844,143.3800048828125,145.13999938964844,69246000
2022-11-29,139.20672607421875,141.1699981689453,144.80999755859375,140.35000610351562,144.2899932861328,83763800
2022-11-30,145.97129821777344,148.02999877929688,148.72000122070312,140.5500030517578,141.39999389648438,111380900
2022-12-01,146.24746704101562,148.30999755859375,149.1300048828125,146.61000061035156,148.2100067138672,71250400
2022-12-02,145.75439453125,147.80999755859375,148.0,145.64999389648438,145.9600067138672,65447400
2022-12-05,144.59080505371094,146.6300048828125,150.9199981689453,145.77000427246094,147.77000427246094,68826400
2022-12-06,140.9225311279297,142.91000366210938,147.3000030517578,141.9199981689453,147.07000732421875,64727200
2022-12-07,138.97994995117188,140.94000244140625,143.3699951171875,140.0,142.19000244140625,69721100
2022-12-08,140.66616821289062,142.64999389648438,143.52000427246094,141.10000610351562,142.36000061035156,62128300
2022-12-09,140.18299865722656,142.16000366210938,145.57000732421875,140.89999389648438,142.33999633789062,76097000
2022-12-12,142.48057556152344,144.49000549316406,144.5,141.05999755859375,142.6999969482422,70462700
2022-12-13,143.44696044921875,145.47000122070312,149.97000122070312,144.24000549316406,149.5,93886200
2022-12-14,141.2183837890625,143.2100067138672,146.66000366210938,141.16000366210938,145.35000610351562,82291200
2022-12-15,134.60166931152344,136.5,141.8000030517578,136.02999877929688,141.11000061035156,98931900
2022-12-16,132.63934326171875,134.50999450683594,137.64999389648438,133.72999572753906,136.69000244140625,160156900
2022-12-19,130.5291290283203,132.3699951171875,135.1999969482422,131.32000732421875,135.11000061035156,79592600
2022-12-20,130.46009826660156,132.3000030517578,133.25,129.88999938964844,131.38999938964844,77432800
2022-12-21,133.5662841796875,135.4499969482422,136.80999755859375,132.75,132.97999572753906,85928000
2022-12-22,130.3910369873047,132.22999572753906,134.55999755859375,130.3000030517578,134.35000610351562,77852100
2022-12-23,130.02622985839844,131.86000061035156,132.4199981689453,129.63999938964844,130.9199981689453,63814900
2022-12-27,128.22166442871094,130.02999877929688,131.41000366210938,128.72000122070312,131.3800048828125,69007800
2022-12-28,124.28715515136719,126.04000091552734,131.02999877929688,125.87000274658203,129.6699981689453,85438400
2022-12-29,127.80752563476562,129.61000061035156,130.47999572753906,127.7300033569336,127.98999786376953,75703700
2022-12-30,128.12306213378906,129.92999267578125,129.9499969482422,127.43000030517578,128.41000366210938,77034200
2023-01-03,123.33064270019531,125.06999969482422,130.89999389648438,124.16999816894531,130.27999877929688,112117500
2023-01-04,124.60271453857422,126.36000061035156,128.66000366210938,125.08000183105469,126.88999938964844,89113600
2023-01-05,123.28133392333984,125.0199966430664,127.7699966430664,124.76000213623047,127.12999725341797,80962700
2023-01-06,127.8173599243164,129.6199951171875,130.2899932861328,124.88999938964844,126.01000213623047,87754700
2023-01-09,128.33999633789062,130.14999389648438,133.41000366210938,129.88999938964844,130.47000122070312,70790800
2023-01-10,128.91192626953125,130.72999572753906,131.25999450683594,128.1199951171875,130.25999450683594,63896200
2023-01-11,131.63356018066406,133.49000549316406,133.50999450683594,130.4600067138672,131.25,69458900
2023-01-12,131.55467224121094,133.41000366210938,134.25999450683594,131.44000244140625,133.8800048828125,71379600
2023-01-13,132.8858642578125,134.75999450683594,134.9199981689453,131.66000366210938,132.02999877929688,57809700
2023-01-17,134.0494842529297,135.94000244140625,137.2899932861328,134.1300048828125,134.8300018310547,63646600
2023-01-18,133.3296356201172,135.2100067138672,138.61000061035156,135.02999877929688,136.82000732421875,69672800
2023-01-19,133.38876342773438,135.27000427246094,136.25,133.77000427246094,134.0800018310547,58280400
2023-01-20,135.95262145996094,137.8699951171875,138.02000427246094,134.22000122070312,135.27999877929688,80223600
2023-01-23,139.1475830078125,141.11000061035156,143.32000732421875,137.89999389648438,138.1199951171875,81760300
2023-01-24,140.54783630371094,142.52999877929688,143.16000366210938,140.3000030517578,140.30999755859375,66435100
2023-01-25,139.88714599609375,141.86000061035156,142.42999267578125,138.80999755859375,140.88999938964844,65799300
2023-01-26,141.9579315185547,143.9600067138672,144.25,141.89999389648438,143.1699981689453,54105100
2023-01-27,143.9005126953125,145.92999267578125,147.22999572753906,143.0800018310547,143.16000366210938,70555800
2023-01-30,141.01132202148438,143.0,145.5500030517578,142.85000610351562,144.9600067138672,64015300
2023-01-31,142.28334045410156,144.2899932861328,144.33999633789062,142.27999877929688,142.6999969482422,65874500
2023-02-01,143.40748596191406,145.42999267578125,146.61000061035156,141.32000732421875,143.97000122070312,77663600
2023-02-02,148.7225341796875,150.82000732421875,151.17999267578125,148.1699981689453,148.89999389648438,118339000
2023-02-03,152.35137939453125,154.5,157.3800048828125,147.8300018310547,148.02999877929688,154357300
2023-02-06,149.61990356445312,151.72999572753906,153.10000610351562,150.77999877929688,152.57000732421875,69858300
2023-02-07,152.499267578125,154.64999389648438,155.22999572753906,150.63999938964844,150.63999938964844,83322600
2023-02-08,149.80723571777344,151.9199981689453,154.5800018310547,151.1699981689453,153.8800048828125,64120100
2023-02-09,148.77183532714844,150.8699951171875,154.3300018310547,150.4199981689453,153.77999877929688,56007100
2023-02-10,149.13726806640625,151.00999450683594,151.33999633789062,149.22000122070312,149.4600067138672,57450700
2023-02-13,151.94204711914062,153.85000610351562,154.25999450683594,150.9199981689453,150.9499969482422,62199000
2023-02-14,151.30006408691406,153.1999969482422,153.77000427246094,150.86000061035156,152.1199951171875,61707600
2023-02-15,153.40370178222656,155.3300018310547,155.5,152.8800048828125,153.11000061035156,65573800
2023-02-16,151.80377197265625,153.7100067138672,156.3300018310547,153.35000610351562,153.50999450683594,68167900
2023-02-17,150.65817260742188,152.5500030517578,153.0,150.85000610351562,152.35000610351562,59144100
2023-02-21,146.63864135742188,148.47999572753906,151.3000030517578,148.41000366210938,150.1999969482422,58867200
2023-02-22,147.06332397460938,148.91000366210938,149.9499969482422,147.16000366210938,148.8699951171875,51011300
2023-02-23,147.5472412109375,149.39999389648438,150.33999633789062,147.24000549316406,150.08999633789062,48394200
2023-02-24,144.8905792236328,146.7100067138672,147.19000244140625,145.72000122070312,147.11000061035156,55469600
2023-02-27,146.0855712890625,147.9199981689453,149.1699981689453,147.4499969482422,147.7100067138672,44998500
2023-02-28,145.5819091796875,147.41000366210938,149.0800018310547,146.8300018310547,147.0500030517578,50547000
2023-03-01,143.5079345703125,145.30999755859375,147.22999572753906,145.00999450683594,146.8300018310547,55479000
2023-03-02,144.10047912597656,145.91000366210938,146.7100067138672,143.89999389648438,144.3800048828125,52238100
2023-03-03,149.15704345703125,151.02999877929688,151.11000061035156,147.3300018310547,148.0399932861328,70732300
2023-03-06,151.9223175048828,153.8300018310547,156.3000030517578,153.4600067138672,153.7899932861328,87558000
2023-03-07,149.719970703125,151.60000610351562,154.02999877929688,151.1300048828125,153.6999969482422,56182000
2023-03-08,150.97418212890625,152.8699951171875,153.47000122070312,151.8300018310547,152.80999755859375,47204800
2023-03-09,148.7224578857422,150.58999633789062,154.5399932861328,150.22999572753906,153.55999755859375,53833600
2023-03-10,146.65838623046875,148.5,150.94000244140625,147.61000061035156,150.2100067138672,68572400
2023-03-13,148.6039581298828,150.47000122070312,153.13999938964844,147.6999969482422,147.80999755859375,84457100
2023-03-14,150.69764709472656,152.58999633789062,153.39999389648438,150.10000610351562,151.27999877929688,73695900
2023-03-15,151.09271240234375,152.99000549316406,153.25,149.9199981689453,151.19000244140625,77167900
2023-03-16,153.91725158691406,155.85000610351562,156.4600067138672,151.63999938964844,152.16000366210938,76161100
2023-03-17,153.07778930664062,155.0,156.74000549316406,154.27999877929688,156.0800018310547,98944600
2023-03-20,155.44798278808594,157.39999389648438,157.82000732421875,154.14999389648438,155.07000732421875,73641400
2023-03-21,157.30467224121094,159.27999877929688,159.39999389648438,156.5399932861328,157.32000732421875,73938300
2023-03-22,155.87266540527344,157.8300018310547,162.13999938964844,157.80999755859375,159.3000030517578,75701800
2023-03-23,156.9590301513672,158.92999267578125,161.5500030517578,157.67999267578125,158.8300018310547,67622100
2023-03-24,158.26266479492188,160.25,160.33999633789062,157.85000610351562,158.86000061035156,59196500
2023-03-27,156.31712341308594,158.27999877929688,160.77000427246094,157.8699951171875,159.94000244140625,52390300
2023-03-28,155.69493103027344,157.64999389648438,158.49000549316406,155.97999572753906,157.97000122070312,45992200
2023-03-29,158.77622985839844,160.77000427246094,161.0500030517578,159.35000610351562,159.3699951171875,51305700
2023-03-30,160.34649658203125,162.36000061035156,162.47000122070312,161.27000427246094,161.52999877929688,49501700
2023-03-31,162.85498046875,164.89999389648438,165.0,161.91000366210938,162.44000244140625,68749800
2023-04-03,164.10923767089844,166.1699981689453,166.2899932861328,164.22000122070312,164.27000427246094,56976200
2023-04-04,163.5759735107422,165.6300048828125,166.83999633789062,165.11000061035156,166.60000610351562,46278300
2023-04-05,161.7291259765625,163.75999450683594,165.0500030517578,161.8000030517578,164.74000549316406,51511700
2023-04-06,162.61798095703125,164.66000366210938,164.9600067138672,162.0,162.42999267578125,45390100
2023-04-10,160.02059936523438,162.02999877929688,162.02999877929688,160.0800018310547,161.4199981689453,47716900
2023-04-11,158.80584716796875,160.8000030517578,162.36000061035156,160.50999450683594,162.35000610351562,47644200
2023-04-12,158.11453247070312,160.10000610351562,162.05999755859375,159.77999877929688,161.22000122070312,50133100
2023-04-13,163.5068359375,165.55999755859375,165.8000030517578,161.4199981689453,161.6300048828125,68445600
2023-04-14,163.1611785888672,165.2100067138672,166.32000732421875,163.82000732421875,164.58999633789062,49386500
2023-04-17,163.180908203125,165.22999572753906,165.38999938964844,164.02999877929688,165.08999633789062,41516200
2023-04-18,164.405517578125,166.47000122070312,167.41000366210938,165.64999389648438,166.10000610351562,49923000
2023-04-19,165.55116271972656,167.6300048828125,168.16000366210938,165.5399932861328,165.8000030517578,47720200
2023-04-20,164.58331298828125,166.64999389648438,167.8699951171875,165.55999755859375,166.08999633789062,52456400
2023-04-21,162.9735107421875,165.02000427246094,166.4499969482422,164.49000549316406,165.0500030517578,58337300
2023-04-24,163.2796630859375,165.3300018310547,165.60000610351562,163.88999938964844,165.0,41949600
2023-04-25,161.739013671875,163.77000427246094,166.30999755859375,163.72999572753906,165.19000244140625,48714100
2023-04-26,161.7291259765625,163.75999450683594,165.27999877929688,162.8000030517578,163.05999755859375,45498800
2023-04-27,166.3214569091797,168.41000366210938,168.55999755859375,165.19000244140625,165.19000244140625,64902300
2023-04-28,167.5757293701172,169.67999267578125,169.85000610351562,167.8800048828125,168.49000549316406,55275900
2023-05-01,167.48684692382812,169.58999633789062,170.4499969482422,168.63999938964844,169.27999877929688,52472900
2023-05-02,166.44984436035156,168.5399932861328,170.35000610351562,167.5399932861328,170.08999633789062,48425700
2023-05-03,165.37338256835938,167.4499969482422,170.9199981689453,167.16000366210938,169.5,65136000
2023-05-04,163.7339630126953,165.7899932861328,167.0399932861328,164.30999755859375,164.88999938964844,81235400
2023-05-05,171.4175262451172,173.57000732421875,174.3000030517578,170.75999450683594,170.97999572753906,113453200
2023-05-08,171.34837341308594,173.5,173.85000610351562,172.11000061035156,172.47999572753906,55962800
2023-05-09,169.63980102539062,171.77000427246094,173.5399932861328,171.60000610351562,173.0500030517578,45326900
2023-05-10,171.40760803222656,173.55999755859375,174.02999877929688,171.89999389648438,173.02000427246094,53724500
2023-05-11,171.5952606201172,173.75,174.58999633789062,172.1699981689453,173.85000610351562,49514700
2023-05-12,170.66563415527344,172.57000732421875,174.05999755859375,171.0,173.6199951171875,45533100
2023-05-15,170.17115783691406,172.07000732421875,173.2100067138672,171.47000122070312,173.16000366210938,37266700
2023-05-16,170.17115783691406,172.07000732421875,173.13999938964844,171.8000030517578,171.99000549316406,42110300
2023-05-17,170.78428649902344,172.69000244140625,172.92999267578125,170.4199981689453,171.7100067138672,57951600
2023-05-18,173.11827087402344,175.0500030517578,175.24000549316406,172.5800018310547,173.0,65496700
2023-05-19,173.22705078125,175.16000366210938,176.38999938964844,174.94000244140625,176.38999938964844,55809500
2023-05-22,172.27761840820312,174.1999969482422,174.7100067138672,173.4499969482422,173.97999572753906,43570900
2023-05-23,169.666748046875,171.55999755859375,173.3800048828125,171.27999877929688,173.1300048828125,50747300
2023-05-24,169.9436492919922,171.83999633789062,172.4199981689453,170.52000427246094,171.08999633789062,45143500
2023-05-25,171.08099365234375,172.99000549316406,173.89999389648438,171.69000244140625,172.41000366210938,56058300
2023-05-26,173.49404907226562,175.42999267578125,175.77000427246094,173.11000061035156,173.32000732421875,54835000
2023-05-30,175.3434295654297,177.3000030517578,178.99000549316406,176.57000732421875,176.9600067138672,55964400
2023-05-31,175.29397583007812,177.25,179.35000610351562,176.75999450683594,177.3300018310547,99625300
2023-06-01,178.10263061523438,180.08999633789062,180.1199951171875,176.92999267578125,177.6999969482422,68901800
2023-06-02,178.9531707763672,180.9499969482422,181.77999877929688,179.25999450683594,181.02999877929688,61996900
2023-06-05,177.5982666015625,179.5800018310547,184.9499969482422,178.0399932861328,182.6300048828125,121946500
2023-06-06,177.2323455810547,179.2100067138672,180.1199951171875,177.42999267578125,179.97000122070312,64848400
2023-06-07,175.8577117919922,177.82000732421875,181.2100067138672,177.32000732421875,178.44000244140625,61944600
2023-06-08,178.57733154296875,180.57000732421875,180.83999633789062,177.4600067138672,177.89999389648438,50214900
2023-06-09,178.96304321289062,180.9600067138672,182.22999572753906,180.6300048828125,181.5,48900000
2023-06-12,181.76181030273438,183.7899932861328,183.88999938964844,180.97000122070312,181.27000427246094,54274900
2023-06-13,181.28709411621094,183.30999755859375,184.14999389648438,182.44000244140625,182.8000030517578,54929100
2023-06-14,181.92002868652344,183.9499969482422,184.38999938964844,182.02000427246094,183.3699951171875,57462900
2023-06-15,183.95730590820312,186.00999450683594,186.52000427246094,183.77999877929688,183.9600067138672,65433200
2023-06-16,182.8793487548828,184.9199981689453,186.99000549316406,184.27000427246094,186.72999572753906,101256200
2023-06-20,182.96832275390625,185.00999450683594,186.10000610351562,184.41000366210938,184.41000366210938,49799100
2023-06-21,181.92996215820312,183.9600067138672,185.41000366210938,182.58999633789062,184.89999389648438,49515700
2023-06-22,184.93638610839844,187.0,187.0500030517578,183.6699981689453,183.74000549316406,51245300
2023-06-23,184.61988830566406,186.67999267578125,187.55999755859375,185.00999450683594,185.5500030517578,53117000
2023-06-26,183.22547912597656,185.27000427246094,188.0500030517578,185.22999572753906,186.8300018310547,48088700
2023-06-27,185.98468017578125,188.05999755859375,188.38999938964844,185.6699981689453,185.88999938964844,50730800
2023-06-28,187.16152954101562,189.25,189.89999389648438,187.60000610351562,187.92999267578125,51216800
2023-06-29,187.49778747558594,189.58999633789062,190.07000732421875,188.94000244140625,189.0800018310547,46347300
2023-06-30,191.82948303222656,193.97000122070312,194.47999572753906,191.25999450683594,191.6300048828125,85213200
2023-07-03,190.33615112304688,192.4600067138672,193.8800048828125,191.75999450683594,193.77999877929688,31458200
2023-07-05,189.21859741210938,191.3300018310547,192.97999572753906,190.6199951171875,191.57000732421875,46920300
2023-07-06,189.6933135986328,191.80999755859375,192.02000427246094,189.1999969482422,189.83999633789062,45094300
2023-07-07,188.5757598876953,190.67999267578125,192.6699981689453,190.24000549316406,191.41000366210938,46815000
2023-07-10,186.5286102294922,188.61000061035156,189.99000549316406,187.0399932861328,189.25999450683594,59922200
2023-07-11,186.00445556640625,188.0800018310547,189.3000030517578,186.60000610351562,189.16000366210938,46638100
2023-07-12,187.67581176757812,189.77000427246094,191.6999969482422,188.47000122070312,189.67999267578125,60750200
2023-07-13,188.43731689453125,190.5399932861328,191.19000244140625,189.77999877929688,190.5,41342300
2023-07-14,188.58563232421875,190.69000244140625,191.17999267578125,189.6300048828125,190.22999572753906,41616200
2023-07-17,191.8492431640625,193.99000549316406,194.32000732421875,191.80999755859375,191.89999389648438,50520200
2023-07-18,191.59210205078125,193.72999572753906,194.3300018310547,192.4199981689453,193.35000610351562,48288200
2023-07-19,192.94699096679688,195.10000610351562,198.22999572753906,192.64999389648438,193.10000610351562,80507300
2023-07-20,190.99874877929688,193.1300048828125,196.47000122070312,192.5,195.08999633789062,59581200
2023-07-21,189.82186889648438,191.94000244140625,194.97000122070312,191.22999572753906,194.10000610351562,71951700
2023-07-24,190.62294006347656,192.75,194.91000366210938,192.25,193.41000366210938,45377800
2023-07-25,191.4833221435547,193.6199951171875,194.44000244140625,192.9199981689453,193.3300018310547,37283200
2023-07-26,192.35362243652344,194.5,195.63999938964844,193.32000732421875,193.6699981689453,47471900
2023-07-27,191.0877227783203,193.22000122070312,197.1999969482422,192.5500030517578,196.02000427246094,47460200
2023-07-28,193.66891479492188,195.8300018310547,196.6300048828125,194.13999938964844,194.6699981689453,48291400
2023-07-31,194.28208923339844,196.4499969482422,196.49000549316406,195.25999450683594,196.05999755859375,38824100
2023-08-01,193.4513702392578,195.61000061035156,196.72999572753906,195.27999877929688,196.24000549316406,35175100
2023-08-02,190.45480346679688,192.5800018310547,195.17999267578125,191.85000610351562,195.0399932861328,50389300
2023-08-03,189.06036376953125,191.1699981689453,192.3699951171875,190.69000244140625,191.57000732421875,61235200
2023-08-04,179.9816436767578,181.99000549316406,187.3800048828125,181.9199981689453,185.52000427246094,115956800
2023-08-07,176.87632751464844,178.85000610351562,183.1300048828125,177.35000610351562,182.1300048828125,97576100
2023-08-08,177.81582641601562,179.8000030517578,180.27000427246094,177.5800018310547,179.69000244140625,67823000
2023-08-09,176.22360229492188,178.19000244140625,180.92999267578125,177.00999450683594,180.8699951171875,60378500
2023-08-10,176.0060272216797,177.97000122070312,180.75,177.60000610351562,179.47999572753906,54686900
2023-08-11,176.06544494628906,177.7899932861328,178.6199951171875,176.5500030517578,177.32000732421875,52036700
2023-08-14,177.71925354003906,179.4600067138672,179.69000244140625,177.30999755859375,177.97000122070312,43675600
2023-08-15,175.72874450683594,177.4499969482422,179.47999572753906,177.0500030517578,178.8800048828125,43622600
2023-08-16,174.85726928710938,176.57000732421875,178.5399932861328,176.5,177.1300048828125,46964900
2023-08-17,172.3122100830078,174.0,177.50999450683594,173.47999572753906,177.13999938964844,66062900
2023-08-18,172.79745483398438,174.49000549316406,175.10000610351562,171.9600067138672,172.3000030517578,61172200
2023-08-21,174.13433837890625,175.83999633789062,176.1300048828125,173.74000549316406,175.07000732421875,46311900
2023-08-22,175.51087951660156,177.22999572753906,177.67999267578125,176.25,177.05999755859375,42038900
2023-08-23,179.36314392089844,181.1199951171875,181.5500030517578,178.3300018310547,178.52000427246094,52722800
2023-08-24,174.66912841796875,176.3800048828125,181.10000610351562,176.00999450683594,180.6699981689453,54945800
2023-08-25,176.87750244140625,178.61000061035156,179.14999389648438,175.82000732421875,177.3800048828125,51449600
2023-08-28,178.44216918945312,180.19000244140625,180.58999633789062,178.5500030517578,180.08999633789062,43820700
2023-08-29,182.3340301513672,184.1199951171875,184.89999389648438,179.5,179.6999969482422,53003900
2023-08-30,185.82980346679688,187.64999389648438,187.85000610351562,184.74000549316406,184.94000244140625,60813900
2023-08-31,186.0476837158203,187.8699951171875,189.1199951171875,187.47999572753906,187.83999633789062,60794500
2023-09-01,187.62225341796875,189.4600067138672,189.9199981689453,188.27999877929688,189.49000549316406,45766500
2023-09-05,187.8599395751953,189.6999969482422,189.97999572753906,187.61000061035156,188.27999877929688,45280000
2023-09-06,181.1357879638672,182.91000366210938,188.85000610351562,181.47000122070312,188.39999389648438,81755800
2023-09-07,175.83766174316406,177.55999755859375,178.2100067138672,173.5399932861328,175.17999267578125,112488800
2023-09-08,176.45166015625,178.17999267578125,180.24000549316406,177.7899932861328,178.35000610351562,65551300
2023-09-11,177.62022399902344,179.36000061035156,180.3000030517578,177.33999633789062,180.07000732421875,58953100
2023-09-12,174.58990478515625,176.3000030517578,180.1300048828125,174.82000732421875,179.49000549316406,90370200
2023-09-13,172.52017211914062,174.2100067138672,177.3000030517578,173.97999572753906,176.50999450683594,84267900
2023-09-14,174.0353546142578,175.74000549316406,176.10000610351562,173.5800018310547,174.0,60895800
2023-09-15,173.3124237060547,175.00999450683594,176.5,173.82000732421875,176.47999572753906,109259500
2023-09-18,176.2436981201172,177.97000122070312,179.3800048828125,176.1699981689453,176.47999572753906,67257600
2023-09-19,177.33302307128906,179.07000732421875,179.6300048828125,177.1300048828125,177.52000427246094,51826900
2023-09-20,173.78775024414062,175.49000549316406,179.6999969482422,175.39999389648438,179.25999450683594,58436200
2023-09-21,172.24288940429688,173.92999267578125,176.3000030517578,173.86000061035156,174.5500030517578,63149100
2023-09-22,173.0945587158203,174.7899932861328,177.0800018310547,174.0500030517578,174.6699981689453,56725400
2023-09-25,174.3720245361328,176.0800018310547,176.97000122070312,174.14999389648438,174.1999969482422,46172700
2023-09-26,170.29200744628906,171.9600067138672,175.1999969482422,171.66000366210938,174.82000732421875,64588900
2023-09-27,168.77682495117188,170.42999267578125,173.0399932861328,169.0500030517578,172.6199951171875,66921800
2023-09-28,169.03433227539062,170.69000244140625,172.02999877929688,167.6199951171875,169.33999633789062,56294400
2023-09-29,169.54925537109375,171.2100067138672,173.07000732421875,170.33999633789062,172.02000427246094,51861100
2023-10-02,172.06463623046875,173.75,174.3000030517578,170.92999267578125,171.22000122070312,52164500
2023-10-03,170.72772216796875,172.39999389648438,173.6300048828125,170.82000732421875,172.25999450683594,49594600
2023-10-04,171.97549438476562,173.66000366210938,174.2100067138672,170.97000122070312,171.08999633789062,53020300
2023-10-05,173.21339416503906,174.91000366210938,175.4499969482422,172.67999267578125,173.7899932861328,48527900
2023-10-06,175.7683563232422,177.49000549316406,177.99000549316406,173.17999267578125,173.8000030517578,57266700
2023-10-09,177.25379943847656,178.99000549316406,179.0500030517578,175.8000030517578,176.80999755859375,42390800
2023-10-10,176.65963745117188,178.38999938964844,179.72000122070312,177.9499969482422,178.10000610351562,43698000
2023-10-11,178.0559539794922,179.8000030517578,179.85000610351562,177.60000610351562,178.1999969482422,47551100
2023-10-12,178.9571533203125,180.7100067138672,182.33999633789062,179.0399932861328,180.07000732421875,56743100
2023-10-13,177.1151885986328,178.85000610351562,181.92999267578125,178.13999938964844,181.4199981689453,51427100
2023-10-16,176.98643493652344,178.72000122070312,179.0800018310547,176.50999450683594,176.75,52517000
2023-10-17,175.43162536621094,177.14999389648438,178.4199981689453,174.8000030517578,176.64999389648438,57549400
2023-10-18,174.13433837890625,175.83999633789062,177.5800018310547,175.11000061035156,175.5800018310547,54764400
2023-10-19,173.75808715820312,175.4600067138672,177.83999633789062,175.19000244140625,176.0399932861328,59302900
2023-10-20,171.2030792236328,172.8800048828125,175.4199981689453,172.63999938964844,175.30999755859375,64244000
2023-10-23,171.3218994140625,173.0,174.00999450683594,169.92999267578125,170.91000366210938,55980100
2023-10-24,171.75765991210938,173.44000244140625,173.6699981689453,171.4499969482422,173.0500030517578,43816600
2023-10-25,169.44033813476562,171.10000610351562,173.05999755859375,170.64999389648438,171.8800048828125,57157000
2023-10-26,165.27117919921875,166.88999938964844,171.3800048828125,165.6699981689453,170.3699951171875,70625300
2023-10-27,166.5882568359375,168.22000122070312,168.9600067138672,166.8300018310547,166.91000366210938,58499100
2023-10-30,168.63819885253906,170.2899932861328,171.1699981689453,168.8699951171875,169.02000427246094,51131000
2023-10-31,169.11355590820312,170.77000427246094,170.89999389648438,167.89999389648438,169.35000610351562,44846000
2023-11-01,172.28250122070312,173.97000122070312,174.22999572753906,170.1199951171875,171.0,56934900
2023-11-02,175.8476104736328,177.57000732421875,177.77999877929688,175.4600067138672,175.52000427246094,77334800
2023-11-03,174.93649291992188,176.64999389648438,176.82000732421875,173.35000610351562,174.24000549316406,79829200
2023-11-06,177.49147033691406,179.22999572753906,179.42999267578125,176.2100067138672,176.3800048828125,63841300
2023-11-07,180.05636596679688,181.82000732421875,182.44000244140625,178.97000122070312,179.17999267578125,70530000
2023-11-08,181.115966796875,182.88999938964844,183.4499969482422,181.58999633789062,182.35000610351562,49340300
2023-11-09,180.64065551757812,182.41000366210938,184.1199951171875,181.80999755859375,182.9600067138672,53763500
2023-11-10,184.83511352539062,186.39999389648438,186.57000732421875,183.52999877929688,183.97000122070312,66133400
2023-11-13,183.24856567382812,184.8000030517578,186.02999877929688,184.2100067138672,185.82000732421875,43627500
2023-11-14,185.8664093017578,187.44000244140625,188.11000061035156,186.3000030517578,187.6999969482422,60108400
2023-11-15,186.43161010742188,188.00999450683594,189.5,187.77999877929688,187.85000610351562,53790500
2023-11-16,188.11734008789062,189.7100067138672,190.9600067138672,188.64999389648438,189.57000732421875,54412900
2023-11-17,188.0974884033203,189.69000244140625,190.3800048828125,188.57000732421875,190.25,50922700
2023-11-20,189.84271240234375,191.4499969482422,191.91000366210938,189.8800048828125,189.88999938964844,46505100
2023-11-21,189.03952026367188,190.63999938964844,191.52000427246094,189.74000549316406,191.41000366210938,38134500
2023-11-22,189.70388793945312,191.30999755859375,192.92999267578125,190.8300018310547,191.49000549316406,39617700
2023-11-24,188.37513732910156,189.97000122070312,190.89999389648438,189.25,190.8699951171875,24048300
2023-11-27,188.1966552734375,189.7899932861328,190.6699981689453,188.89999389648438,189.9199981689453,40552600
2023-11-28,188.8015594482422,190.39999389648438,191.0800018310547,189.39999389648438,189.77999877929688,38415400
2023-11-29,187.78018188476562,189.3699951171875,192.08999633789062,188.97000122070312,190.89999389648438,43014200
2023-11-30,188.35533142089844,189.9499969482422,190.32000732421875,188.19000244140625,189.83999633789062,48794400
2023-12-01,189.63449096679688,191.24000549316406,191.55999755859375,189.22999572753906,190.3300018310547,45704800
2023-12-04,187.83969116210938,189.42999267578125,190.0500030517578,187.4499969482422,189.97999572753906,43389500
2023-12-05,191.79617309570312,193.4199981689453,194.39999389648438,190.17999267578125,190.2100067138672,66628400
2023-12-06,190.7054443359375,192.32000732421875,194.75999450683594,192.11000061035156,194.4499969482422,41089700
2023-12-07,192.6390380859375,194.27000427246094,195.0,193.58999633789062,193.6300048828125,47477700
2023-12-08,194.0669708251953,195.7100067138672,195.99000549316406,193.6699981689453,194.1999969482422,53406400
2023-12-11,191.55819702148438,193.17999267578125,193.49000549316406,191.4199981689453,193.11000061035156,60943700
2023-12-12,193.0753631591797,194.7100067138672,194.72000122070312,191.72000122070312,193.0800018310547,52696900
2023-12-13,196.29806518554688,197.9600067138672,198.0,194.85000610351562,195.08999633789062,70404200
2023-12-14,196.4468231201172,198.11000061035156,199.6199951171875,196.16000366210938,198.02000427246094,66831600
2023-12-15,195.91134643554688,197.57000732421875,198.39999389648438,197.0,197.52999877929688,128538400
2023-12-18,194.24546813964844,195.88999938964844,196.6300048828125,194.38999938964844,196.08999633789062,55751900
2023-12-19,195.28665161132812,196.94000244140625,196.9499969482422,195.88999938964844,196.16000366210938,40714100
2023-12-20,193.19436645507812,194.8300018310547,197.67999267578125,194.8300018310547,196.89999389648438,52242800
2023-12-21,193.0456085205078,194.67999267578125,197.0800018310547,193.5,196.10000610351562,46482500
2023-12-22,191.9746856689453,193.60000610351562,195.41000366210938,192.97000122070312,195.17999267578125,37149600
2023-12-26,191.42930603027344,193.0500030517578,193.88999938964844,192.8300018310547,193.61000061035156,28919300
2023-12-27,191.5284423828125,193.14999389648438,193.5,191.08999633789062,192.49000549316406,48087700
2023-12-28,191.954833984375,193.5800018310547,194.66000366210938,193.1699981689453,194.13999938964844,34049900
2023-12-29,190.91366577148438,192.52999877929688,194.39999389648438,191.72999572753906,193.89999389648438,42672100
2024-01-02,184.0814971923828,185.63999938964844,188.44000244140625,183.88999938964844,187.14999389648438,82488700
2024-01-03,182.70318603515625,184.25,185.8800048828125,183.42999267578125,184.22000122070312,58414500
2024-01-04,180.38279724121094,181.91000366210938,183.08999633789062,180.8800048828125,182.14999389648438,71983600
2024-01-05,179.65896606445312,181.17999267578125,182.75999450683594,180.1699981689453,181.99000549316406,62379700
2024-01-08,184.00218200683594,185.55999755859375,185.60000610351562,181.5,182.08999633789062,59144500
2024-01-09,183.585693359375,185.13999938964844,185.14999389648438,182.72999572753906,183.9199981689453,42841800
2024-01-10,184.62686157226562,186.19000244140625,186.39999389648438,183.9199981689453,184.35000610351562,46792900
2024-01-11,184.03192138671875,185.58999633789062,187.0500030517578,183.6199951171875,186.5399932861328,49128400
2024-01-12,184.35914611816406,185.9199981689453,186.74000549316406,185.19000244140625,186.05999755859375,40477800
2024-01-16,182.08839416503906,183.6300048828125,184.25999450683594,180.92999267578125,182.16000366210938,65603000
2024-01-17,181.14633178710938,182.67999267578125,182.92999267578125,180.3000030517578,181.27000427246094,47317400
2024-01-18,187.04640197753906,188.6300048828125,189.13999938964844,185.8300018310547,186.08999633789062,78005800
2024-01-19,189.9517822265625,191.55999755859375,191.9499969482422,188.82000732421875,189.3300018310547,68903000
2024-01-22,192.2622528076172,193.88999938964844,195.3300018310547,192.25999450683594,192.3000030517578,60133900
2024-01-23,193.54139709472656,195.17999267578125,195.75,193.8300018310547,195.02000427246094,42355600
2024-01-24,192.86712646484375,194.5,196.3800048828125,194.33999633789062,195.4199981689453,53631300
2024-01-25,192.5399169921875,194.1699981689453,196.27000427246094,193.11000061035156,195.22000122070312,54822100
2024-01-26,190.80459594726562,192.4199981689453,194.75999450683594,191.94000244140625,194.27000427246094,44594000
2024-01-29,190.120361328125,191.72999572753906,192.1999969482422,189.5800018310547,192.00999450683594,47145600
2024-01-30,186.46133422851562,188.0399932861328,191.8000030517578,187.47000122070312,190.94000244140625,55859400
2024-01-31,182.85189819335938,184.39999389648438,187.10000610351562,184.35000610351562,187.0399932861328,55467800
2024-02-01,185.291259765625,186.86000061035156,186.9499969482422,183.82000732421875,183.99000549316406,64885400
2024-02-02,184.2897491455078,185.85000610351562,187.3300018310547,179.25,179.86000061035156,102551700
2024-02-05,186.10438537597656,187.67999267578125,189.25,185.83999633789062,188.14999389648438,69668800
2024-02-06,187.71075439453125,189.3000030517578,189.30999755859375,186.77000427246094,186.86000061035156,43490800
2024-02-07,187.81985473632812,189.41000366210938,191.0500030517578,188.61000061035156,190.63999938964844,53439000
2024-02-08,186.73899841308594,188.32000732421875,189.5399932861328,187.35000610351562,189.38999938964844,40962000
2024-02-09,187.50350952148438,188.85000610351562,189.99000549316406,188.0,188.64999389648438,45155200
2024-02-12,185.8156280517578,187.14999389648438,188.6699981689453,186.7899932861328,188.4199981689453,41781900
2024-02-13,183.72068786621094,185.0399932861328,186.2100067138672,183.50999450683594,185.77000427246094,56529500
2024-02-14,182.8370361328125,184.14999389648438,185.52999877929688,182.44000244140625,185.32000732421875,54630500
2024-02-15,182.54908752441406,183.86000061035156,184.49000549316406,181.35000610351562,183.5500030517578,65434500
2024-02-16,181.01014709472656,182.30999755859375,184.85000610351562,181.6699981689453,183.4199981689453,49752500
2024-02-20,180.26548767089844,181.55999755859375,182.42999267578125,180.0,181.7899932861328,53665600
2024-02-21,181.02008056640625,182.32000732421875,182.88999938964844,180.66000366210938,181.94000244140625,41371400
2024-02-22,183.05545043945312,184.3699951171875,184.9600067138672,182.4600067138672,183.47999572753906,52292200
2024-02-23,181.21865844726562,182.52000427246094,185.0399932861328,182.22999572753906,185.00999450683594,45119700
2024-02-26,179.8683319091797,181.16000366210938,182.75999450683594,180.64999389648438,182.24000549316406,40867400
2024-02-27,181.32786560058594,182.6300048828125,183.9199981689453,179.55999755859375,181.10000610351562,54318900
2024-02-28,180.12648010253906,181.4199981689453,183.1199951171875,180.1300048828125,182.50999450683594,48953900
2024-02-29,179.46127319335938,180.75,182.57000732421875,179.52999877929688,181.27000427246094,136682600
2024-03-01,178.37904357910156,179.66000366210938,180.52999877929688,177.3800048828125,179.5500030517578,73563100
2024-03-04,173.8515625,175.10000610351562,176.89999389648438,173.7899932861328,176.14999389648438,81510100
2024-03-05,168.90704345703125,170.1199951171875,172.0399932861328,169.6199951171875,170.75999450683594,95132400
2024-03-06,167.9141845703125,169.1199951171875,171.24000549316406,168.67999267578125,171.05999755859375,68587700
2024-03-07,167.79502868652344,169.0,170.72999572753906,168.49000549316406,169.14999389648438,71765100
2024-03-08,169.51271057128906,170.72999572753906,173.6999969482422,168.94000244140625,169.0,76267000
2024-03-11,171.51829528808594,172.75,174.3800048828125,172.0500030517578,172.94000244140625,60139500
2024-03-12,171.994873046875,173.22999572753906,174.02999877929688,171.00999450683594,173.14999389648438,59825400
2024-03-13,169.90985107421875,171.1300048828125,173.19000244140625,170.75999450683594,172.77000427246094,52488700
2024-03-14,171.76651000976562,173.0,174.30999755859375,172.0500030517578,172.91000366210938,72913500
2024-03-15,171.38922119140625,172.6199951171875,172.6199951171875,170.2899932861328,171.1699981689453,121752700
2024-03-18,172.4813995361328,173.72000122070312,177.7100067138672,173.52000427246094,175.57000732421875,75604200
2024-03-19,174.82455444335938,176.0800018310547,176.61000061035156,173.02999877929688,174.33999633789062,55215200
2024-03-20,177.39610290527344,178.6699981689453,178.6699981689453,175.08999633789062,175.72000122070312,53423100
2024-03-21,170.1481170654297,171.3699951171875,177.49000549316406,170.83999633789062,177.0500030517578,106181300
2024-03-22,171.05166625976562,172.27999877929688,173.0500030517578,170.05999755859375,171.75999450683594,71160100
2024-03-25,169.63185119628906,170.85000610351562,171.94000244140625,169.4499969482422,170.57000732421875,54288300
2024-03-26,168.49998474121094,169.7100067138672,171.4199981689453,169.5800018310547,170.0,57388400
2024-03-27,172.07431030273438,173.30999755859375,173.60000610351562,170.11000061035156,170.41000366210938,60273300
2024-03-28,170.25735473632812,171.47999572753906,172.22999572753906,170.50999450683594,171.75,65672700
2024-04-01,168.8177032470703,170.02999877929688,171.25,169.47999572753906,171.19000244140625,46240500
2024-04-02,167.63616943359375,168.83999633789062,169.33999633789062,168.22999572753906,169.0800018310547,49329500
2024-04-03,168.44039916992188,169.64999389648438,170.67999267578125,168.5800018310547,168.7899932861328,47691700
2024-04-04,167.61631774902344,168.82000732421875,171.9199981689453,168.82000732421875,170.2899932861328,53704400
2024-04-05,168.37091064453125,169.5800018310547,170.38999938964844,168.9499969482422,169.58999633789062,42104800
2024-04-08,167.24896240234375,168.4499969482422,169.1999969482422,168.24000549316406,169.02999877929688,37425500
2024-04-09,168.46026611328125,169.6699981689453,170.0800018310547,168.35000610351562,168.6999969482422,42373800
2024-04-10,166.583740234375,167.77999877929688,169.08999633789062,167.11000061035156,168.8000030517578,49709300
2024-04-11,173.79196166992188,175.0399932861328,175.4600067138672,168.16000366210938,168.33999633789062,91070300
2024-04-12,175.29122924804688,176.5500030517578,178.36000061035156,174.2100067138672,174.25999450683594,101670900
2024-04-15,171.45872497558594,172.69000244140625,176.6300048828125,172.5,175.36000061035156,73531800
2024-04-16,168.17233276367188,169.3800048828125,173.75999450683594,168.27000427246094,171.75,73711200
2024-04-17,166.8021697998047,168.0,170.64999389648438,168.0,169.61000061035156,50901200
2024-04-18,165.84901428222656,167.0399932861328,168.63999938964844,166.5500030517578,168.02999877929688,43122900
2024-04-19,163.8235626220703,165.0,166.39999389648438,164.0800018310547,166.2100067138672,68149400
2024-04-22,164.65757751464844,165.83999633789062,167.25999450683594,164.77000427246094,165.52000427246094,48116400
2024-04-23,165.7100067138672,166.89999389648438,167.0500030517578,164.9199981689453,165.35000610351562,49537800
2024-04-24,167.81491088867188,169.02000427246094,169.3000030517578,166.2100067138672,166.5399932861328,48251800
2024-04-25,168.67868041992188,169.88999938964844,170.61000061035156,168.14999389648438,169.52999877929688,50558300
2024-04-26,168.09291076660156,169.3000030517578,171.33999633789062,169.17999267578125,169.8800048828125,44838400
2024-04-29,172.26295471191406,173.5,176.02999877929688,173.10000610351562,173.3699951171875,68169400
2024-04-30,169.1155548095703,170.3300018310547,174.99000549316406,170.0,173.3300018310547,65934800
2024-05-01,168.09291076660156,169.3000030517578,172.7100067138672,169.11000061035156,169.5800018310547,50383100
2024-05-02,171.79627990722656,173.02999877929688,173.4199981689453,170.88999938964844,172.50999450683594,94214900
2024-05-03,182.072509765625,183.3800048828125,187.0,182.66000366210938,186.64999389648438,163224100
2024-05-06,180.41444396972656,181.7100067138672,184.1999969482422,180.4199981689453,182.35000610351562,78569700
2024-05-07,181.09947204589844,182.39999389648438,184.89999389648438,181.32000732421875,183.4499969482422,77305800
2024-05-08,181.4370880126953,182.74000549316406,183.07000732421875,181.4499969482422,182.85000610351562,45057100
2024-05-09,183.25404357910156,184.57000732421875,184.66000366210938,182.11000061035156,182.55999755859375,48983000
2024-05-10,181.9913787841797,183.0500030517578,185.08999633789062,182.1300048828125,184.89999389648438,50759500
2024-05-13,185.20269775390625,186.27999877929688,187.10000610351562,184.6199951171875,185.44000244140625,72044800
2024-05-14,186.34603881835938,187.42999267578125,188.3000030517578,186.2899932861328,187.50999450683594,52393600
2024-05-15,188.622802734375,189.72000122070312,190.64999389648438,187.3699951171875,187.91000366210938,70400000
2024-05-16,188.74209594726562,189.83999633789062,191.10000610351562,189.66000366210938,190.47000122070312,52845200
2024-05-17,188.7719268798828,189.8699951171875,190.80999755859375,189.17999267578125,189.50999450683594,41282900
2024-05-20,189.93515014648438,191.0399932861328,191.9199981689453,189.00999450683594,189.3300018310547,44361300
2024-05-21,191.2375946044922,192.35000610351562,192.72999572753906,190.9199981689453,191.08999633789062,42309400
2024-05-22,189.79595947265625,190.89999389648438,192.82000732421875,190.27000427246094,192.27000427246094,34648500
2024-05-23,185.79922485351562,186.8800048828125,191.0,186.6300048828125,190.97999572753906,51005900
2024-05-24,188.8813018798828,189.97999572753906,190.5800018310547,188.0399932861328,188.82000732421875,36327000
2024-05-28,188.8912353515625,189.99000549316406,193.0,189.10000610351562,191.50999450683594,52280100
2024-05-29,189.1894989013672,190.2899932861328,192.25,189.50999450683594,189.61000061035156,53068000
2024-05-30,190.18370056152344,191.2899932861328,192.17999267578125,190.6300048828125,190.75999450683594,49889100
2024-05-31,191.13815307617188,192.25,192.57000732421875,189.91000366210938,191.44000244140625,75158300
2024-06-03,192.90786743164062,194.02999877929688,194.99000549316406,192.52000427246094,192.89999389648438,50080500
2024-06-04,193.2260284423828,194.35000610351562,195.32000732421875,193.02999877929688,194.63999938964844,47471400
2024-06-05,194.7372283935547,195.8699951171875,196.89999389648438,194.8699951171875,195.39999389648438,54156800
2024-06-06,193.35528564453125,194.47999572753906,196.5,194.1699981689453,195.69000244140625,41181800
2024-06-07,195.75132751464844,196.88999938964844,196.94000244140625,194.13999938964844,194.64999389648438,53103900
2024-06-10,192.00314331054688,193.1199951171875,197.3000030517578,192.14999389648438,196.89999389648438,97010200
2024-06-11,205.9519805908203,207.14999389648438,207.16000366210938,193.6300048828125,193.64999389648438,172373300
2024-06-12,211.83775329589844,213.07000732421875,220.1999969482422,206.89999389648438,207.3699951171875,198134300
2024-06-13,213.00099182128906,214.24000549316406,216.75,211.60000610351562,214.74000549316406,97862700
2024-06-14,211.26112365722656,212.49000549316406,215.1699981689453,211.3000030517578,213.85000610351562,70122700
2024-06-17,215.41696166992188,216.6699981689453,218.9499969482422,212.72000122070312,213.3699951171875,93728300
2024-06-18,213.05068969726562,214.2899932861328,218.6300048828125,213.0,217.58999633789062,79943300
2024-06-20,208.46734619140625,209.67999267578125,214.24000549316406,208.85000610351562,213.92999267578125,86172500
2024-06-21,206.2900390625,207.49000549316406,211.88999938964844,207.11000061035156,210.38999938964844,241805100
2024-06-24,206.93626403808594,208.13999938964844,212.6999969482422,206.58999633789062,207.72000122070312,80727000
2024-06-25,207.8609161376953,209.07000732421875,211.3800048828125,208.61000061035156,209.14999389648438,55549700
2024-06-26,212.01670837402344,213.25,214.86000061035156,210.63999938964844,211.5,66213200
2024-06-27,212.86180114746094,214.10000610351562,215.74000549316406,212.35000610351562,214.69000244140625,49772700
2024-06-28,209.4019317626953,210.6199951171875,216.07000732421875,210.3000030517578,215.77000427246094,82542700
2024-07-01,215.49649047851562,216.75,217.50999450683594,211.9199981689453,212.08999633789062,60402900
2024-07-02,218.99612426757812,220.27000427246094,220.3800048828125,215.10000610351562,216.14999389648438,58046200
2024-07-03,220.26870727539062,221.5500030517578,221.5500030517578,219.02999877929688,220.0,37369800
2024-07-05,225.03102111816406,226.33999633789062,226.4499969482422,221.64999389648438,221.64999389648438,60412400
2024-07-08,226.5024871826172,227.82000732421875,227.85000610351562,223.25,227.08999633789062,59085900
2024-07-09,227.35748291015625,228.67999267578125,229.39999389648438,226.3699951171875,227.92999267578125,48076100
2024-07-10,231.63259887695312,232.97999572753906,233.0800018310547,229.25,229.3000030517578,62627700
2024-07-11,226.25390625,227.57000732421875,232.38999938964844,225.77000427246094,231.38999938964844,64710600
2024-07-12,229.2067108154297,230.5399932861328,232.63999938964844,228.67999267578125,228.9199981689453,53046500
2024-07-15,233.04440307617188,234.39999389648438,237.22999572753906,233.08999633789062,236.47999572753906,62631300
2024-07-16,233.4619903564453,234.82000732421875,236.27000427246094,232.3300018310547,235.0,43234300
2024-07-17,227.5563507080078,228.8800048828125,231.4600067138672,226.63999938964844,229.4499969482422,57345900
2024-07-18,222.8834991455078,224.17999267578125,230.44000244140625,222.27000427246094,230.27999877929688,66034600
2024-07-19,223.0127410888672,224.30999755859375,226.8000030517578,223.27999877929688,224.82000732421875,49151500
2024-07-22,222.66477966308594,223.9600067138672,227.77999877929688,223.08999633789062,227.00999450683594,48201800
2024-07-23,223.7086944580078,225.00999450683594,226.94000244140625,222.67999267578125,224.3699951171875,39960300
2024-07-24,217.276123046875,218.5399932861328,224.8000030517578,217.1300048828125,224.0,61777600
2024-07-25,216.23220825195312,217.49000549316406,220.85000610351562,214.6199951171875,218.92999267578125,51391200
2024-07-26,216.69947814941406,217.9600067138672,219.49000549316406,216.00999450683594,218.6999969482422,41601300
2024-07-29,216.9778594970703,218.24000549316406,219.3000030517578,215.75,216.9600067138672,36311800
2024-07-30,217.5346221923828,218.8000030517578,220.3300018310547,216.1199951171875,219.19000244140625,41643800
2024-07-31,220.795654296875,222.0800018310547,223.82000732421875,220.6300048828125,221.44000244140625,50036300
2024-08-01,217.09716796875,218.36000061035156,224.47999572753906,217.02000427246094,224.3699951171875,62501000
2024-08-02,218.58848571777344,219.86000061035156,225.60000610351562,217.7100067138672,219.14999389648438,105568600
2024-08-05,208.05975341796875,209.27000427246094,213.5,196.0,199.08999633789062,119548600
2024-08-06,206.03152465820312,207.22999572753906,209.99000549316406,201.07000732421875,205.3000030517578,69660500
2024-08-07,208.60655212402344,209.82000732421875,213.63999938964844,206.38999938964844,206.89999389648438,63516400
2024-08-08,212.07638549804688,213.30999755859375,214.1999969482422,208.8300018310547,213.11000061035156,47161100
2024-08-09,214.9894256591797,216.24000549316406,216.77999877929688,211.97000122070312,212.10000610351562,42201600
2024-08-12,216.5222930908203,217.52999877929688,219.50999450683594,215.60000610351562,216.07000732421875,38028100
2024-08-13,220.24497985839844,221.27000427246094,221.88999938964844,219.00999450683594,219.00999450683594,44155300
2024-08-14,220.69288635253906,221.72000122070312,223.02999877929688,219.6999969482422,220.57000732421875,41960600
2024-08-15,223.6790008544922,224.72000122070312,225.35000610351562,222.75999450683594,224.60000610351562,46414000
2024-08-16,225.00283813476562,226.0500030517578,226.8300018310547,223.64999389648438,223.9199981689453,44340200
2024-08-19,224.8435821533203,225.88999938964844,225.99000549316406,223.0399932861328,225.72000122070312,40687800
2024-08-20,225.460693359375,226.50999450683594,227.1699981689453,225.4499969482422,225.77000427246094,30299000
2024-08-21,225.35121154785156,226.39999389648438,227.97999572753906,225.0500030517578,226.52000427246094,34765500
2024-08-22,223.4898681640625,224.52999877929688,228.33999633789062,223.89999389648438,227.7899932861328,43695300
2024-08-23,225.78915405273438,226.83999633789062,228.22000122070312,224.3300018310547,225.66000366210938,38677300
2024-08-26,226.12759399414062,227.17999267578125,227.27999877929688,223.88999938964844,226.75999450683594,30602200
2024-08-27,226.97366333007812,228.02999877929688,228.85000610351562,224.88999938964844,226.0,35934600
2024-08-28,225.4407958984375,226.49000549316406,229.86000061035156,225.67999267578125,227.9199981689453,38052200
2024-08-29,228.72549438476562,229.7899932861328,232.9199981689453,228.8800048828125,230.10000610351562,51906300
2024-08-30,227.9391632080078,229.0,230.39999389648438,227.47999572753906,230.19000244140625,52990800
